Image_Name,Label,Truth,Indeterminacy,Falsity
exp0_num_743.jpg,normal,4.13,17.32,21.46
exp0_num_743.png,normal,0.0,0.0,0.0
exp1_num_10181.jpg,normal,10.19,19.01,29.2
exp1_num_10181.png,normal,0.0,0.0,0.0
exp1_num_10334.jpg,normal,6.15,18.8,24.95
exp1_num_10334.png,normal,0.0,0.0,0.0
exp1_num_106151.jpg,normal,9.54,15.56,25.11
exp1_num_106151.png,normal,0.0,0.0,0.0
exp1_num_106729.jpg,normal,7.51,17.92,25.43
exp1_num_106729.png,normal,0.0,0.0,0.0
exp1_num_10903.jpg,normal,7.37,13.52,20.88
exp1_num_10903.png,normal,0.0,0.0,0.0
exp1_num_110086.jpg,normal,4.7,15.45,20.15
exp1_num_110086.png,normal,0.0,0.0,0.0
exp1_num_11276.jpg,normal,6.07,13.06,19.13
exp1_num_11276.png,normal,0.0,0.0,0.0
exp1_num_114376.jpg,normal,7.43,20.68,28.1
exp1_num_114376.png,normal,0.0,0.0,0.0
exp1_num_116270.jpg,normal,6.44,20.82,27.25
exp1_num_116270.png,normal,0.0,0.0,0.0
exp1_num_116949.jpg,normal,5.18,17.94,23.11
exp1_num_116949.png,normal,0.0,0.0,0.0
exp1_num_118871.jpg,normal,6.96,22.48,29.43
exp1_num_118871.png,normal,0.0,0.0,0.0
exp1_num_126299.jpg,normal,4.94,16.0,20.94
exp1_num_126299.png,normal,0.0,0.0,0.0
exp1_num_126795.jpg,normal,5.27,17.82,23.09
exp1_num_126795.png,normal,0.0,0.0,0.0
exp1_num_127649.jpg,normal,6.16,16.12,22.28
exp1_num_127649.png,normal,0.0,0.0,0.0
exp1_num_128075.jpg,normal,4.75,16.23,20.97
exp1_num_128075.png,normal,0.0,0.0,0.0
exp1_num_129580.jpg,normal,6.65,23.12,29.77
exp1_num_129580.png,normal,0.0,0.0,0.0
exp1_num_13526.jpg,normal,5.36,17.75,23.11
exp1_num_13526.png,normal,0.0,0.0,0.0
exp1_num_138599.jpg,normal,5.93,18.31,24.24
exp1_num_138599.png,normal,0.0,0.0,0.0
exp1_num_143147.jpg,normal,5.62,19.22,24.84
exp1_num_143147.png,normal,0.0,0.0,0.0
exp1_num_144162.jpg,normal,6.91,19.44,26.35
exp1_num_144162.png,normal,0.0,0.0,0.0
exp1_num_147928.jpg,normal,8.2,22.68,30.88
exp1_num_147928.png,normal,0.0,0.0,0.0
exp1_num_148923.jpg,normal,5.73,21.65,27.38
exp1_num_148923.png,normal,0.0,0.0,0.0
exp1_num_154549.jpg,normal,6.3,24.94,31.23
exp1_num_154549.png,normal,0.0,0.0,0.0
exp1_num_157166.jpg,normal,4.58,25.39,29.97
exp1_num_157166.png,normal,0.0,0.0,0.0
exp1_num_157675.jpg,normal,3.73,21.19,24.92
exp1_num_157675.png,normal,0.0,0.0,0.0
exp1_num_16503.jpg,normal,6.8,17.3,24.11
exp1_num_16503.png,normal,0.0,0.0,0.0
exp1_num_165362.jpg,normal,5.68,27.56,33.24
exp1_num_165362.png,normal,0.0,0.0,0.0
exp1_num_166172.jpg,normal,4.46,22.61,27.08
exp1_num_166172.png,normal,0.0,0.0,0.0
exp1_num_174647.jpg,normal,6.49,30.01,36.5
exp1_num_174647.png,normal,0.0,0.0,0.0
exp1_num_177906.jpg,normal,6.23,32.18,38.4
exp1_num_177906.png,normal,0.0,0.0,0.0
exp1_num_178453.jpg,normal,5.27,23.07,28.33
exp1_num_178453.png,normal,0.0,0.0,0.0
exp1_num_180298.jpg,normal,4.27,19.93,24.2
exp1_num_180298.png,normal,0.0,0.0,0.0
exp1_num_180836.jpg,normal,5.66,22.72,28.38
exp1_num_180836.png,normal,0.0,0.0,0.0
exp1_num_1810.jpg,normal,3.75,16.71,20.46
exp1_num_1810.png,normal,0.0,0.0,0.0
exp1_num_18129.jpg,normal,5.88,18.67,24.55
exp1_num_18129.png,normal,0.0,0.0,0.0
exp1_num_183137.jpg,normal,6.96,30.6,37.56
exp1_num_183137.png,normal,0.0,0.0,0.0
exp1_num_183798.jpg,normal,6.29,27.3,33.59
exp1_num_183798.png,normal,0.0,0.0,0.0
exp1_num_187505.jpg,normal,6.88,25.68,32.56
exp1_num_187505.png,normal,0.0,0.0,0.0
exp1_num_192126.jpg,normal,7.77,29.95,37.72
exp1_num_192126.png,normal,0.0,0.0,0.0
exp1_num_193104.jpg,normal,6.58,31.62,38.2
exp1_num_193104.png,normal,0.0,0.0,0.0
exp1_num_195647.jpg,normal,5.35,29.07,34.43
exp1_num_195647.png,normal,0.0,0.0,0.0
exp1_num_19695.jpg,normal,5.21,18.25,23.45
exp1_num_19695.png,normal,0.0,0.0,0.0
exp1_num_2038.jpg,normal,8.33,17.35,25.69
exp1_num_2038.png,normal,0.0,0.0,0.0
exp1_num_240048.jpg,normal,8.51,20.13,28.64
exp1_num_240048.png,normal,0.0,0.0,0.0
exp1_num_241352.jpg,normal,5.06,17.38,22.45
exp1_num_241352.png,normal,0.0,0.0,0.0
exp1_num_245763.jpg,normal,6.3,19.55,25.85
exp1_num_245763.png,normal,0.0,0.0,0.0
exp1_num_246296.jpg,normal,6.49,21.34,27.83
exp1_num_246296.png,normal,0.0,0.0,0.0
exp1_num_251427.jpg,normal,8.83,18.29,27.12
exp1_num_251427.png,normal,0.0,0.0,0.0
exp1_num_255641.jpg,normal,6.11,21.67,27.78
exp1_num_255641.png,normal,0.0,0.0,0.0
exp1_num_256261.jpg,normal,7.07,17.57,24.63
exp1_num_256261.png,normal,0.0,0.0,0.0
exp1_num_257103.jpg,normal,7.9,17.28,25.18
exp1_num_257103.png,normal,0.0,0.0,0.0
exp1_num_257630.jpg,normal,8.99,17.11,26.11
exp1_num_257630.png,normal,0.0,0.0,0.0
exp1_num_258819.jpg,normal,6.91,16.81,23.72
exp1_num_258819.png,normal,0.0,0.0,0.0
exp1_num_260482.jpg,normal,7.18,18.38,25.57
exp1_num_260482.png,normal,0.0,0.0,0.0
exp1_num_260927.jpg,normal,5.36,20.47,25.83
exp1_num_260927.png,normal,0.0,0.0,0.0
exp1_num_2610.jpg,normal,5.85,20.38,26.23
exp1_num_2610.png,normal,0.0,0.0,0.0
exp1_num_261937.jpg,normal,8.1,18.51,26.61
exp1_num_261937.png,normal,0.0,0.0,0.0
exp1_num_262216.jpg,normal,8.42,17.34,25.76
exp1_num_262216.png,normal,0.0,0.0,0.0
exp1_num_262642.jpg,normal,7.02,21.19,28.21
exp1_num_262642.png,normal,0.0,0.0,0.0
exp1_num_263839.jpg,normal,9.02,18.86,27.88
exp1_num_263839.png,normal,0.0,0.0,0.0
exp1_num_264189.jpg,normal,6.75,19.09,25.84
exp1_num_264189.png,normal,0.0,0.0,0.0
exp1_num_266278.jpg,normal,5.91,20.11,26.02
exp1_num_266278.png,normal,0.0,0.0,0.0
exp1_num_266790.jpg,normal,6.54,19.15,25.7
exp1_num_266790.png,normal,0.0,0.0,0.0
exp1_num_269086.jpg,normal,5.36,19.4,24.76
exp1_num_269086.png,normal,0.0,0.0,0.0
exp1_num_269626.jpg,normal,6.24,17.36,23.61
exp1_num_269626.png,normal,0.0,0.0,0.0
exp1_num_270550.jpg,normal,7.09,17.24,24.33
exp1_num_270550.png,normal,0.0,0.0,0.0
exp1_num_270753.jpg,normal,8.85,21.12,29.97
exp1_num_270753.png,normal,0.0,0.0,0.0
exp1_num_275371.jpg,normal,9.01,20.04,29.04
exp1_num_275371.png,normal,0.0,0.0,0.0
exp1_num_275662.jpg,normal,7.09,21.48,28.57
exp1_num_275662.png,normal,0.0,0.0,0.0
exp1_num_276985.jpg,normal,6.62,22.54,29.17
exp1_num_276985.png,normal,0.0,0.0,0.0
exp1_num_278570.jpg,normal,8.79,20.62,29.42
exp1_num_278570.png,normal,0.0,0.0,0.0
exp1_num_279090.jpg,normal,8.56,17.76,26.32
exp1_num_279090.png,normal,0.0,0.0,0.0
exp1_num_280205.jpg,normal,8.5,17.7,26.2
exp1_num_280205.png,normal,0.0,0.0,0.0
exp1_num_280939.jpg,normal,7.34,13.61,20.95
exp1_num_280939.png,normal,0.0,0.0,0.0
exp1_num_282886.jpg,normal,8.08,13.21,21.29
exp1_num_282886.png,normal,0.0,0.0,0.0
exp1_num_283203.jpg,normal,6.71,16.15,22.86
exp1_num_283203.png,normal,0.0,0.0,0.0
exp1_num_284841.jpg,normal,7.22,13.77,20.99
exp1_num_284841.png,normal,0.0,0.0,0.0
exp1_num_286232.jpg,normal,6.13,17.96,24.1
exp1_num_286232.png,normal,0.0,0.0,0.0
exp1_num_289590.jpg,normal,5.28,15.42,20.71
exp1_num_289590.png,normal,0.0,0.0,0.0
exp1_num_290047.jpg,normal,5.16,17.51,22.67
exp1_num_290047.png,normal,0.0,0.0,0.0
exp1_num_292087.jpg,normal,4.84,18.88,23.72
exp1_num_292087.png,normal,0.0,0.0,0.0
exp1_num_293254.jpg,normal,5.57,14.79,20.37
exp1_num_293254.png,normal,0.0,0.0,0.0
exp1_num_293709.jpg,normal,4.65,16.59,21.24
exp1_num_293709.png,normal,0.0,0.0,0.0
exp1_num_29469.jpg,normal,7.76,18.81,26.56
exp1_num_29469.png,normal,0.0,0.0,0.0
exp1_num_296631.jpg,normal,6.04,15.74,21.78
exp1_num_296631.png,normal,0.0,0.0,0.0
exp1_num_297276.jpg,normal,5.68,16.74,22.42
exp1_num_297276.png,normal,0.0,0.0,0.0
exp1_num_299713.jpg,normal,6.93,18.6,25.53
exp1_num_299713.png,normal,0.0,0.0,0.0
exp1_num_301474.jpg,normal,6.58,19.58,26.16
exp1_num_301474.png,normal,0.0,0.0,0.0
exp1_num_304293.jpg,normal,7.3,17.88,25.18
exp1_num_304293.png,normal,0.0,0.0,0.0
exp1_num_304672.jpg,normal,6.72,19.63,26.35
exp1_num_304672.png,normal,0.0,0.0,0.0
exp1_num_304836.jpg,normal,6.17,17.36,23.53
exp1_num_304836.png,normal,0.0,0.0,0.0
exp1_num_306425.jpg,normal,6.11,19.81,25.92
exp1_num_306425.png,normal,0.0,0.0,0.0
exp1_num_306586.jpg,normal,6.71,20.72,27.43
exp1_num_306586.png,normal,0.0,0.0,0.0
exp1_num_308806.jpg,normal,8.28,21.26,29.54
exp1_num_308806.png,normal,0.0,0.0,0.0
exp1_num_309352.jpg,normal,7.43,18.32,25.75
exp1_num_309352.png,normal,0.0,0.0,0.0
exp1_num_309648.jpg,normal,7.47,17.1,24.57
exp1_num_309648.png,normal,0.0,0.0,0.0
exp1_num_31106.jpg,normal,6.64,19.55,26.19
exp1_num_31106.png,normal,0.0,0.0,0.0
exp1_num_311322.jpg,normal,9.2,20.46,29.65
exp1_num_311322.png,normal,0.0,0.0,0.0
exp1_num_313835.jpg,normal,9.66,16.36,26.02
exp1_num_313835.png,normal,0.0,0.0,0.0
exp1_num_314979.jpg,normal,6.76,19.84,26.6
exp1_num_314979.png,normal,0.0,0.0,0.0
exp1_num_316333.jpg,normal,8.53,20.67,29.2
exp1_num_316333.png,normal,0.0,0.0,0.0
exp1_num_316698.jpg,normal,7.17,20.41,27.58
exp1_num_316698.png,normal,0.0,0.0,0.0
exp1_num_317560.jpg,normal,8.56,19.32,27.88
exp1_num_317560.png,normal,0.0,0.0,0.0
exp1_num_317885.jpg,normal,7.91,19.17,27.08
exp1_num_317885.png,normal,0.0,0.0,0.0
exp1_num_319321.jpg,normal,7.9,19.27,27.17
exp1_num_319321.png,normal,0.0,0.0,0.0
exp1_num_319420.jpg,normal,7.59,18.07,25.66
exp1_num_319420.png,normal,0.0,0.0,0.0
exp1_num_319680.jpg,normal,7.04,18.92,25.96
exp1_num_319680.png,normal,0.0,0.0,0.0
exp1_num_320441.jpg,normal,8.89,20.16,29.05
exp1_num_320441.png,normal,0.0,0.0,0.0
exp1_num_320808.jpg,normal,7.18,19.52,26.7
exp1_num_320808.png,normal,0.0,0.0,0.0
exp1_num_320895.jpg,normal,7.19,19.4,26.6
exp1_num_320895.png,normal,0.0,0.0,0.0
exp1_num_323319.jpg,normal,5.76,17.32,23.08
exp1_num_323319.png,normal,0.0,0.0,0.0
exp1_num_326586.jpg,normal,7.79,19.72,27.52
exp1_num_326586.png,normal,0.0,0.0,0.0
exp1_num_326904.jpg,normal,7.01,19.18,26.18
exp1_num_326904.png,normal,0.0,0.0,0.0
exp1_num_329206.jpg,normal,6.77,17.63,24.4
exp1_num_329206.png,normal,0.0,0.0,0.0
exp1_num_331931.jpg,normal,7.53,19.92,27.45
exp1_num_331931.png,normal,0.0,0.0,0.0
exp1_num_332686.jpg,normal,7.29,15.75,23.04
exp1_num_332686.png,normal,0.0,0.0,0.0
exp1_num_337646.jpg,normal,9.52,14.94,24.47
exp1_num_337646.png,normal,0.0,0.0,0.0
exp1_num_338856.jpg,normal,9.38,16.28,25.66
exp1_num_338856.png,normal,0.0,0.0,0.0
exp1_num_34078.jpg,normal,6.21,15.67,21.88
exp1_num_34078.png,normal,0.0,0.0,0.0
exp1_num_342849.jpg,normal,9.29,17.53,26.82
exp1_num_342849.png,normal,0.0,0.0,0.0
exp1_num_344557.jpg,normal,6.16,13.53,19.7
exp1_num_344557.png,normal,0.0,0.0,0.0
exp1_num_349824.jpg,normal,9.32,15.26,24.58
exp1_num_349824.png,normal,0.0,0.0,0.0
exp1_num_3504.jpg,normal,8.04,18.84,26.88
exp1_num_3504.png,normal,0.0,0.0,0.0
exp1_num_351039.jpg,normal,10.37,16.85,27.22
exp1_num_351039.png,normal,0.0,0.0,0.0
exp1_num_351427.jpg,normal,10.13,17.63,27.76
exp1_num_351427.png,normal,0.0,0.0,0.0
exp1_num_354377.jpg,normal,10.28,15.81,26.1
exp1_num_354377.png,normal,0.0,0.0,0.0
exp1_num_355636.jpg,normal,10.15,17.33,27.48
exp1_num_355636.png,normal,0.0,0.0,0.0
exp1_num_358102.jpg,normal,10.77,17.99,28.75
exp1_num_358102.png,normal,0.0,0.0,0.0
exp1_num_358933.jpg,normal,7.34,12.15,19.49
exp1_num_358933.png,normal,0.0,0.0,0.0
exp1_num_359448.jpg,normal,8.02,13.82,21.85
exp1_num_359448.png,normal,0.0,0.0,0.0
exp1_num_37243.jpg,normal,6.65,17.66,24.31
exp1_num_37243.png,normal,0.0,0.0,0.0
exp1_num_37262.jpg,normal,5.1,14.99,20.09
exp1_num_37262.png,normal,0.0,0.0,0.0
exp1_num_3786.jpg,normal,5.79,15.57,21.36
exp1_num_3786.png,normal,0.0,0.0,0.0
exp1_num_37978.jpg,normal,5.98,16.48,22.46
exp1_num_37978.png,normal,0.0,0.0,0.0
exp1_num_39412.jpg,normal,7.27,20.26,27.53
exp1_num_39412.png,normal,0.0,0.0,0.0
exp1_num_43817.jpg,normal,5.66,17.19,22.85
exp1_num_43817.png,normal,0.0,0.0,0.0
exp1_num_50387.jpg,normal,7.15,18.06,25.21
exp1_num_50387.png,normal,0.0,0.0,0.0
exp1_num_51080.jpg,normal,5.5,19.24,24.74
exp1_num_51080.png,normal,0.0,0.0,0.0
exp1_num_52659.jpg,normal,6.17,18.63,24.8
exp1_num_52659.png,normal,0.0,0.0,0.0
exp1_num_53011.jpg,normal,6.12,16.99,23.11
exp1_num_53011.png,normal,0.0,0.0,0.0
exp1_num_54107.jpg,normal,6.61,16.56,23.17
exp1_num_54107.png,normal,0.0,0.0,0.0
exp1_num_54901.jpg,normal,6.37,21.39,27.76
exp1_num_108719.jpg,defect,7.34,20.12,27.46
exp1_num_108719.png,defect,3.19,3.07,0.11
exp1_num_108889.jpg,defect,7.44,19.68,27.12
exp1_num_108889.png,defect,3.29,3.17,0.12
exp1_num_262480.jpg,defect,5.82,20.89,26.72
exp1_num_262480.png,defect,2.42,2.35,0.07
exp1_num_265077.jpg,defect,7.01,21.05,28.07
exp1_num_265077.png,defect,3.48,3.35,0.13
exp1_num_290998.jpg,defect,7.78,16.29,24.06
exp1_num_290998.png,defect,4.97,4.68,0.29
exp1_num_297464.jpg,defect,9.82,16.83,26.65
exp1_num_297464.png,defect,2.39,2.33,0.07
exp1_num_308015.jpg,defect,4.01,16.43,20.43
exp1_num_308015.png,defect,2.48,2.41,0.07
exp1_num_317483.jpg,defect,5.58,17.82,23.4
exp1_num_317483.png,defect,3.86,3.7,0.16
exp1_num_322605.jpg,defect,4.53,20.63,25.16
exp1_num_322605.png,defect,4.79,4.55,0.25
exp1_num_327970.jpg,defect,7.05,17.15,24.21
exp1_num_327970.png,defect,2.52,2.45,0.07
exp1_num_346311.jpg,defect,10.13,18.23,28.36
exp1_num_346311.png,defect,1.93,1.89,0.04
exp1_num_36290.jpg,defect,4.84,18.62,23.47
exp1_num_36290.png,defect,7.3,6.72,0.58
exp1_num_3667.jpg,defect,8.6,16.04,24.64
exp1_num_3667.png,defect,2.59,2.52,0.07
exp1_num_40410.jpg,defect,4.6,25.96,30.56
exp1_num_40410.png,defect,5.59,5.24,0.34
exp1_num_4727.jpg,defect,4.58,26.06,30.64
exp1_num_4727.png,defect,6.36,5.92,0.44
exp1_num_4944.jpg,defect,3.47,17.33,20.8
exp1_num_4944.png,defect,4.7,4.45,0.25
exp1_num_51674.jpg,defect,5.04,20.63,25.67
exp1_num_51674.png,defect,3.96,3.78,0.18
exp1_num_54246.jpg,defect,4.58,26.45,31.04
exp1_num_54246.png,defect,6.86,6.36,0.51
exp1_num_6984.jpg,defect,8.34,15.89,24.23
exp1_num_6984.png,defect,2.89,2.79,0.09
exp1_num_9473.jpg,defect,9.63,16.88,26.5
exp1_num_9473.png,defect,2.28,2.22,0.05
exp2_num_108741.jpg,defect,10.39,23.3,33.68
exp2_num_108741.png,defect,3.27,3.15,0.12
exp2_num_108923.jpg,defect,10.5,23.38,33.88
exp2_num_108923.png,defect,3.18,3.07,0.11
exp2_num_262572.jpg,defect,7.02,27.44,34.46
exp2_num_262572.png,defect,2.72,2.64,0.09
exp2_num_265103.jpg,defect,8.39,27.23,35.62
exp2_num_265103.png,defect,3.78,3.62,0.16
exp2_num_291023.jpg,defect,10.03,20.44,30.47
exp2_num_291023.png,defect,5.31,4.99,0.33
exp2_num_297490.jpg,defect,13.19,20.82,34.02
exp2_num_297490.png,defect,1.99,1.94,0.05
exp2_num_308043.jpg,defect,5.32,20.49,25.81
exp2_num_308043.png,defect,2.35,2.29,0.06
exp2_num_317512.jpg,defect,6.93,23.03,29.96
exp2_num_317512.png,defect,4.14,3.95,0.18
exp2_num_322630.jpg,defect,7.13,23.8,30.93
exp2_num_322630.png,defect,4.4,4.19,0.21
exp2_num_327997.jpg,defect,8.86,22.03,30.89
exp2_num_327997.png,defect,2.73,2.64,0.08
exp2_num_36302.jpg,defect,6.09,23.03,29.11
exp2_num_36302.png,defect,6.31,5.87,0.44
exp2_num_3696.jpg,defect,10.88,20.06,30.94
exp2_num_3696.png,defect,2.87,2.78,0.09
exp2_num_40424.jpg,defect,5.6,32.92,38.52
exp2_num_40424.png,defect,5.4,5.07,0.32
exp2_num_4748.jpg,defect,6.32,31.99,38.31
exp2_num_4748.png,defect,5.92,5.54,0.38
exp2_num_4964.jpg,defect,4.28,21.97,26.24
exp2_num_4964.png,defect,4.93,4.66,0.27
exp2_num_51697.jpg,defect,6.89,25.85,32.74
exp2_num_51697.png,defect,4.1,3.91,0.19
exp2_num_54273.jpg,defect,5.67,33.48,39.15
exp2_num_54273.png,defect,6.72,6.24,0.48
exp2_num_7009.jpg,defect,10.81,19.4,30.22
exp2_num_7009.png,defect,2.96,2.87,0.09
exp2_num_9496.jpg,defect,11.78,22.99,34.77
exp2_num_9496.png,defect,2.43,2.37,0.07
exp3_num_108757.jpg,defect,12.13,29.01,41.14
exp3_num_108757.png,defect,3.18,3.07,0.11
exp3_num_262601.jpg,defect,10.1,29.48,39.57
exp3_num_262601.png,defect,2.91,2.82,0.1
exp3_num_265117.jpg,defect,11.09,32.02,43.1
exp3_num_265117.png,defect,3.31,3.2,0.11
exp3_num_291038.jpg,defect,11.93,25.16,37.09
exp3_num_291038.png,defect,5.25,4.94,0.31
exp3_num_297506.jpg,defect,14.93,25.92,40.85
exp3_num_297506.png,defect,1.93,1.88,0.05
exp3_num_308061.jpg,defect,6.52,24.57,31.09
exp3_num_308061.png,defect,1.98,1.93,0.05
exp3_num_317526.jpg,defect,8.8,26.56,35.35
exp3_num_317526.png,defect,4.08,3.9,0.18
exp3_num_322643.jpg,defect,9.05,28.31,37.36
exp3_num_322643.png,defect,4.93,4.66,0.27
exp3_num_328014.jpg,defect,10.59,27.09,37.69
exp3_num_328014.png,defect,2.85,2.76,0.09
exp3_num_346347.jpg,defect,15.85,27.13,42.98
exp3_num_346347.png,defect,1.35,1.33,0.02
exp3_num_36246.jpg,defect,7.4,27.91,35.31
exp3_num_36246.png,defect,7.86,7.2,0.66
exp3_num_3710.jpg,defect,13.17,24.81,37.98
exp3_num_3710.png,defect,2.5,2.44,0.07
exp3_num_40438.jpg,defect,7.7,39.45,47.16
exp3_num_40438.png,defect,6.02,5.64,0.38
exp3_num_4764.jpg,defect,7.78,38.95,46.74
exp3_num_4764.png,defect,6.64,6.17,0.47
exp3_num_4978.jpg,defect,5.21,26.79,31.99
exp3_num_4978.png,defect,5.45,5.12,0.33
exp3_num_51711.jpg,defect,8.2,31.71,39.91
exp3_num_51711.png,defect,4.13,3.93,0.19
exp3_num_54291.jpg,defect,7.61,39.13,46.74
exp3_num_54291.png,defect,6.6,6.13,0.46
exp3_num_7023.jpg,defect,12.99,23.73,36.72
exp3_num_7023.png,defect,3.07,2.97,0.1
exp3_num_853.jpg,defect,13.16,24.57,37.73
exp3_num_853.png,defect,4.59,4.37,0.22
exp3_num_9508.jpg,defect,15.84,24.7,40.54
exp3_num_9508.png,defect,2.45,2.38,0.07
exp4_num_108774.jpg,defect,13.88,34.81,48.68
exp4_num_108774.png,defect,3.44,3.31,0.13
exp4_num_262626.jpg,defect,9.93,37.92,47.85
exp4_num_262626.png,defect,2.98,2.88,0.11
exp4_num_265131.jpg,defect,12.55,37.97,50.52
exp4_num_265131.png,defect,3.47,3.34,0.13
exp4_num_291052.jpg,defect,14.38,28.97,43.35
exp4_num_291052.png,defect,6.06,5.65,0.41
exp4_num_297524.jpg,defect,15.09,31.87,46.97
exp4_num_297524.png,defect,1.92,1.87,0.04
exp4_num_308078.jpg,defect,7.0,29.97,36.97
exp4_num_308078.png,defect,2.45,2.39,0.07
exp4_num_317540.jpg,defect,10.07,32.14,42.2
exp4_num_317540.png,defect,4.02,3.84,0.18
exp4_num_322656.jpg,defect,10.26,33.47,43.73
exp4_num_322656.png,defect,4.99,4.72,0.26
exp4_num_328029.jpg,defect,12.45,31.52,43.97
exp4_num_328029.png,defect,2.67,2.6,0.07
exp4_num_36258.jpg,defect,8.72,32.92,41.64
exp4_num_36258.png,defect,7.37,6.78,0.59
exp4_num_3724.jpg,defect,15.42,28.53,43.95
exp4_num_3724.png,defect,2.7,2.63,0.08
exp4_num_40450.jpg,defect,10.65,43.14,53.79
exp4_num_40450.png,defect,5.79,5.44,0.35
exp4_num_4779.jpg,defect,10.5,43.41,53.92
exp4_num_4779.png,defect,6.5,6.05,0.45
exp4_num_4995.jpg,defect,6.4,30.74,37.15
exp4_num_4995.png,defect,4.72,4.46,0.25
exp4_num_51725.jpg,defect,10.13,35.95,46.09
exp4_num_51725.png,defect,3.69,3.54,0.15
exp4_num_54308.jpg,defect,8.81,47.04,55.84
exp4_num_54308.png,defect,7.18,6.63,0.55
exp4_num_7036.jpg,defect,14.83,28.64,43.47
exp4_num_7036.png,defect,3.38,3.25,0.12
exp4_num_9520.jpg,defect,16.84,31.63,48.47
exp4_num_9520.png,defect,2.38,2.32,0.06
exp5_num_108791.jpg,defect,15.97,40.08,56.05
exp5_num_108791.png,defect,3.19,3.07,0.12
exp5_num_262654.jpg,defect,10.42,44.14,54.56
exp5_num_262654.png,defect,2.63,2.55,0.07
exp5_num_265149.jpg,defect,14.25,44.26,58.51
exp5_num_265149.png,defect,3.63,3.49,0.14
exp5_num_291077.jpg,defect,16.54,32.48,49.03
exp5_num_291077.png,defect,5.77,5.39,0.37
exp5_num_297552.jpg,defect,15.7,37.1,52.8
exp5_num_297552.png,defect,2.04,1.99,0.05
exp5_num_308098.jpg,defect,8.44,33.49,41.93
exp5_num_308098.png,defect,2.23,2.17,0.06
exp5_num_317558.jpg,defect,11.3,36.64,47.95
exp5_num_317558.png,defect,3.98,3.8,0.18
exp5_num_322672.jpg,defect,12.33,38.05,50.38
exp5_num_322672.png,defect,4.7,4.46,0.24
exp5_num_328057.jpg,defect,13.87,37.14,51.01
exp5_num_328057.png,defect,2.95,2.85,0.09
exp5_num_346381.jpg,defect,20.02,37.69,57.71
exp5_num_346381.png,defect,1.91,1.87,0.04
exp5_num_36269.jpg,defect,10.24,37.25,47.49
exp5_num_36269.png,defect,7.74,7.11,0.64
exp5_num_3746.jpg,defect,17.65,32.77,50.42
exp5_num_3746.png,defect,2.23,2.17,0.06
exp5_num_40480.jpg,defect,9.72,54.09,63.81
exp5_num_40480.png,defect,5.81,5.45,0.36
exp5_num_4801.jpg,defect,12.32,48.83,61.15
exp5_num_4801.png,defect,5.59,5.25,0.34
exp5_num_5022.jpg,defect,7.42,35.22,42.64
exp5_num_5022.png,defect,5.22,4.92,0.3
exp5_num_51739.jpg,defect,11.39,41.58,52.98
exp5_num_51739.png,defect,3.92,3.74,0.18
exp5_num_54331.jpg,defect,11.44,51.41,62.84
exp5_num_54331.png,defect,6.84,6.34,0.51
exp5_num_7054.jpg,defect,17.64,31.55,49.19
exp5_num_7054.png,defect,3.07,2.97,0.1
exp5_num_9549.jpg,defect,19.04,35.92,54.96
exp5_num_9549.png,defect,2.47,2.4,0.07
exp6_num_108812.jpg,defect,17.39,45.69,63.08
exp6_num_108812.png,defect,3.25,3.13,0.12
exp6_num_262705.jpg,defect,11.59,50.83,62.42
exp6_num_262705.png,defect,3.04,2.94,0.11
exp6_num_265182.jpg,defect,15.65,51.76,67.41
exp6_num_265182.png,defect,3.77,3.62,0.15
exp6_num_291134.jpg,defect,18.85,35.76,54.61
exp6_num_291134.png,defect,5.33,5.0,0.33
exp6_num_297601.jpg,defect,15.46,44.67,60.12
exp6_num_297601.png,defect,2.09,2.04,0.05
exp6_num_308130.jpg,defect,9.31,38.57,47.88
exp6_num_308130.png,defect,2.23,2.17,0.06
exp6_num_317592.jpg,defect,14.5,38.55,53.05
exp6_num_317592.png,defect,4.11,3.93,0.18
exp6_num_322697.jpg,defect,10.27,48.92,59.19
exp6_num_322697.png,defect,5.36,5.05,0.31
exp6_num_328105.jpg,defect,16.4,40.16,56.56
exp6_num_328105.png,defect,2.81,2.72,0.09
exp6_num_346414.jpg,defect,20.88,43.66,64.55
exp6_num_346414.png,defect,1.87,1.84,0.04
exp6_num_36280.jpg,defect,10.92,43.16,54.08
exp6_num_36280.png,defect,7.96,7.28,0.68
exp6_num_3789.jpg,defect,19.93,37.76,57.69
exp6_num_3789.png,defect,2.84,2.75,0.09
exp6_num_40515.jpg,defect,11.56,58.04,69.6
exp6_num_40515.png,defect,5.39,5.07,0.32
exp6_num_4841.jpg,defect,11.7,58.82,70.52
exp6_num_4841.png,defect,6.03,5.64,0.4
exp6_num_5106.jpg,defect,8.92,38.36,47.28
exp6_num_5106.png,defect,4.58,4.34,0.24
exp6_num_51771.jpg,defect,12.12,47.93,60.05
exp6_num_51771.png,defect,4.24,4.04,0.2
exp6_num_54366.jpg,defect,13.51,57.11,70.63
exp6_num_54366.png,defect,6.85,6.36,0.5
exp6_num_7102.jpg,defect,19.93,35.78,55.71
exp6_num_7102.png,defect,3.11,3.0,0.1
exp6_num_9594.jpg,defect,19.73,45.09,64.82
exp6_num_9594.png,defect,3.17,3.06,0.11
exp1_num_116934.jpg,defect,6.28,18.14,24.42
exp1_num_116934.png,defect,14.33,12.18,2.15
exp1_num_194173.jpg,defect,7.25,29.15,36.41
exp1_num_194173.png,defect,13.97,11.89,2.08
exp1_num_241889.jpg,defect,4.87,17.78,22.66
exp1_num_241889.png,defect,4.18,3.99,0.2
exp1_num_26106.jpg,defect,7.08,18.31,25.39
exp1_num_26106.png,defect,12.54,10.91,1.63
exp1_num_271361.jpg,defect,6.91,18.72,25.62
exp1_num_271361.png,defect,4.57,4.33,0.25
exp1_num_284482.jpg,defect,7.09,15.49,22.58
exp1_num_284482.png,defect,40.89,19.22,21.68
exp1_num_304290.jpg,defect,5.74,22.85,28.58
exp1_num_304290.png,defect,41.8,18.92,22.88
exp1_num_320649.jpg,defect,5.26,22.58,27.84
exp1_num_320649.png,defect,4.76,4.49,0.27
exp1_num_348629.jpg,defect,10.23,17.38,27.61
exp1_num_348629.png,defect,4.58,4.35,0.23
exp1_num_356718.jpg,defect,9.15,17.43,26.58
exp1_num_356718.png,defect,4.88,4.61,0.27
exp1_num_62553.jpg,defect,5.99,19.01,25.0
exp1_num_62553.png,defect,21.31,16.39,4.92
exp1_num_98080.jpg,defect,5.56,18.66,24.22
exp1_num_98080.png,defect,8.17,7.44,0.73
exp2_num_105807.jpg,defect,11.56,20.81,32.37
exp2_num_105807.png,defect,5.88,5.48,0.4
exp2_num_116961.jpg,defect,8.18,22.36,30.54
exp2_num_116961.png,defect,15.65,13.05,2.6
exp2_num_194202.jpg,defect,9.32,36.79,46.11
exp2_num_194202.png,defect,15.37,12.87,2.5
exp2_num_241913.jpg,defect,6.3,22.53,28.83
exp2_num_241913.png,defect,4.82,4.54,0.28
exp2_num_26130.jpg,defect,8.98,23.26,32.25
exp2_num_26130.png,defect,14.05,12.0,2.05
exp2_num_271384.jpg,defect,8.27,24.62,32.9
exp2_num_271384.png,defect,4.68,4.41,0.26
exp2_num_276373.jpg,defect,11.74,26.09,37.82
exp2_num_276373.png,defect,5.39,5.08,0.31
exp2_num_284506.jpg,defect,8.7,20.02,28.72
exp2_num_284506.png,defect,41.05,19.08,21.97
exp2_num_304305.jpg,defect,7.14,29.34,36.48
exp2_num_304305.png,defect,41.16,19.25,21.92
exp2_num_320673.jpg,defect,6.79,28.79,35.59
exp2_num_320673.png,defect,4.71,4.45,0.26
exp2_num_348648.jpg,defect,12.62,22.68,35.29
exp2_num_348648.png,defect,4.9,4.64,0.26
exp2_num_356745.jpg,defect,11.72,21.86,33.58
exp2_num_356745.png,defect,5.78,5.43,0.35
exp2_num_62577.jpg,defect,8.1,22.8,30.91
exp2_num_62577.png,defect,22.07,16.75,5.32
exp2_num_98102.jpg,defect,8.29,22.48,30.77
exp2_num_98102.png,defect,13.6,11.61,2.0
exp3_num_105826.jpg,defect,12.37,29.37,41.74
exp3_num_105826.png,defect,5.8,5.38,0.41
exp3_num_116981.jpg,defect,10.22,26.91,37.13
exp3_num_116981.png,defect,14.88,12.57,2.31
exp3_num_148977.jpg,defect,15.15,20.3,35.45
exp3_num_148977.png,defect,10.49,9.34,1.15
exp3_num_194220.jpg,defect,12.11,43.3,55.41
exp3_num_194220.png,defect,15.35,12.86,2.49
exp3_num_241926.jpg,defect,8.33,26.05,34.37
exp3_num_241926.png,defect,3.67,3.5,0.17
exp3_num_26146.jpg,defect,11.46,26.49,37.95
exp3_num_26146.png,defect,14.1,12.04,2.06
exp3_num_271400.jpg,defect,10.2,29.51,39.71
exp3_num_271400.png,defect,4.6,4.34,0.25
exp3_num_276387.jpg,defect,15.65,27.65,43.3
exp3_num_276387.png,defect,4.21,4.02,0.19
exp3_num_284520.jpg,defect,10.81,23.28,34.09
exp3_num_284520.png,defect,40.13,19.55,20.58
exp3_num_304317.jpg,defect,11.3,31.51,42.82
exp3_num_304317.png,defect,41.44,19.08,22.35
exp3_num_320689.jpg,defect,9.62,32.34,41.95
exp3_num_320689.png,defect,3.32,3.17,0.15
exp3_num_348661.jpg,defect,15.58,26.73,42.31
exp3_num_348661.png,defect,3.87,3.7,0.17
exp3_num_356756.jpg,defect,14.17,26.52,40.7
exp3_num_356756.png,defect,5.8,5.45,0.35
exp3_num_62592.jpg,defect,9.61,27.76,37.37
exp3_num_62592.png,defect,18.99,15.1,3.9
exp3_num_77583.jpg,defect,13.28,32.58,45.86
exp3_num_77583.png,defect,26.54,18.68,7.86
exp3_num_98116.jpg,defect,12.22,23.95,36.17
exp3_num_98116.png,defect,13.24,11.34,1.91
exp4_num_105851.jpg,defect,16.28,30.67,46.95
exp4_num_105851.png,defect,5.95,5.52,0.44
exp4_num_116999.jpg,defect,12.21,30.76,42.96
exp4_num_116999.png,defect,13.92,11.88,2.04
exp4_num_194236.jpg,defect,12.67,53.28,65.95
exp4_num_194236.png,defect,14.83,12.48,2.35
exp4_num_241939.jpg,defect,9.72,30.4,40.13
exp4_num_241939.png,defect,4.31,4.09,0.22
exp4_num_26163.jpg,defect,13.48,31.34,44.82
exp4_num_26163.png,defect,13.01,11.25,1.75
exp4_num_271416.jpg,defect,12.57,33.9,46.47
exp4_num_271416.png,defect,4.56,4.31,0.25
exp4_num_276401.jpg,defect,16.81,37.21,54.02
exp4_num_276401.png,defect,5.15,4.85,0.3
exp4_num_284532.jpg,defect,12.5,28.05,40.55
exp4_num_284532.png,defect,41.54,18.86,22.68
exp4_num_304328.jpg,defect,9.76,42.71,52.47
exp4_num_304328.png,defect,41.47,19.07,22.4
exp4_num_320705.jpg,defect,10.17,39.74,49.91
exp4_num_320705.png,defect,3.63,3.46,0.17
exp4_num_348673.jpg,defect,18.47,31.01,49.48
exp4_num_348673.png,defect,3.73,3.57,0.16
exp4_num_356767.jpg,defect,16.78,30.27,47.05
exp4_num_356767.png,defect,4.9,4.65,0.26
exp4_num_62606.jpg,defect,11.69,32.59,44.28
exp4_num_62606.png,defect,19.8,15.57,4.23
exp4_num_98305.jpg,defect,12.29,32.63,44.92
exp4_num_98305.png,defect,13.59,11.58,2.01
exp5_num_105879.jpg,defect,16.01,40.42,56.44
exp5_num_105879.png,defect,7.54,6.91,0.63
exp5_num_149023.jpg,defect,15.51,38.2,53.72
exp5_num_149023.png,defect,11.43,10.08,1.35
exp5_num_194256.jpg,defect,15.49,59.12,74.6
exp5_num_194256.png,defect,15.52,12.96,2.56
exp5_num_242089.jpg,defect,10.32,36.44,46.76
exp5_num_242089.png,defect,3.57,3.41,0.16
exp5_num_26212.jpg,defect,14.57,37.69,52.27
exp5_num_26212.png,defect,15.07,12.72,2.35
exp5_num_271434.jpg,defect,13.82,39.13,52.96
exp5_num_271434.png,defect,3.25,3.11,0.14
exp5_num_276416.jpg,defect,19.44,40.26,59.7
exp5_num_276416.png,defect,4.04,3.87,0.18
exp5_num_284552.jpg,defect,14.86,31.58,46.43
exp5_num_284552.png,defect,40.82,19.25,21.57
exp5_num_304345.jpg,defect,13.87,44.57,58.44
exp5_num_304345.png,defect,40.5,19.52,20.98
exp5_num_320724.jpg,defect,12.63,43.77,56.4
exp5_num_320724.png,defect,6.18,5.75,0.43
exp5_num_348696.jpg,defect,20.47,36.31,56.78
exp5_num_348696.png,defect,3.44,3.29,0.15
exp5_num_356780.jpg,defect,18.7,35.25,53.95
exp5_num_356780.png,defect,4.91,4.65,0.26
exp5_num_62619.jpg,defect,12.88,38.14,51.02
exp5_num_62619.png,defect,19.18,15.22,3.96
exp5_num_98336.jpg,defect,17.06,32.62,49.68
exp5_num_98336.png,defect,14.76,12.41,2.35
exp6_num_105927.jpg,defect,18.09,44.99,63.08
exp6_num_105927.png,defect,6.05,5.57,0.49
exp6_num_117060.jpg,defect,15.82,39.45,55.26
exp6_num_117060.png,defect,14.42,12.22,2.19
exp6_num_149097.jpg,defect,15.34,47.18,62.52
exp6_num_149097.png,defect,11.04,9.78,1.26
exp6_num_194304.jpg,defect,17.63,63.72,81.35
exp6_num_194304.png,defect,16.62,13.68,2.94
exp6_num_242123.jpg,defect,11.97,40.73,52.7
exp6_num_242123.png,defect,4.39,4.16,0.23
exp6_num_26244.jpg,defect,16.14,42.73,58.87
exp6_num_26244.png,defect,14.44,12.28,2.16
exp6_num_271512.jpg,defect,14.58,46.23,60.81
exp6_num_271512.png,defect,5.42,5.07,0.34
exp6_num_276451.jpg,defect,21.45,45.26,66.72
exp6_num_276451.png,defect,2.77,2.69,0.08
exp6_num_284593.jpg,defect,17.63,33.27,50.89
exp6_num_284593.png,defect,40.93,19.16,21.77
exp6_num_304361.jpg,defect,13.91,52.35,66.26
exp6_num_304361.png,defect,40.97,19.29,21.68
exp6_num_320759.jpg,defect,12.27,52.21,64.48
exp6_num_320759.png,defect,5.43,5.09,0.34
exp6_num_348888.jpg,defect,20.86,42.62,63.48
exp6_num_348888.png,defect,3.82,3.65,0.16
exp6_num_356817.jpg,defect,20.18,39.85,60.03
exp6_num_356817.png,defect,4.77,4.53,0.25
exp6_num_62649.jpg,defect,14.77,42.12,56.9
exp6_num_62649.png,defect,20.28,15.82,4.46
exp6_num_98402.jpg,defect,19.15,35.66,54.81
exp6_num_98402.png,defect,17.52,14.14,3.38
exp1_num_249594.jpg,defect,6.84,20.18,27.02
exp1_num_249594.png,defect,12.76,10.9,1.86
exp1_num_265613.jpg,defect,7.66,19.75,27.41
exp1_num_265613.png,defect,4.64,4.41,0.24
exp1_num_276355.jpg,defect,8.94,21.18,30.12
exp1_num_276355.png,defect,3.81,3.65,0.16
exp1_num_3191.jpg,defect,9.88,17.04,26.92
exp1_num_3191.png,defect,5.75,5.37,0.38
exp1_num_32128.jpg,defect,4.29,22.54,26.83
exp1_num_32128.png,defect,6.86,6.3,0.56
exp1_num_339819.jpg,defect,7.67,13.78,21.45
exp1_num_339819.png,defect,2.28,2.2,0.08
exp1_num_342140.jpg,defect,9.24,18.57,27.81
exp1_num_342140.png,defect,3.95,3.77,0.18
exp1_num_85781.jpg,defect,6.15,15.57,21.72
exp1_num_85781.png,defect,4.91,4.65,0.25
exp1_num_86828.jpg,defect,5.94,16.11,22.05
exp1_num_86828.png,defect,4.83,4.52,0.3
exp2_num_116527.jpg,defect,9.55,19.58,29.13
exp2_num_116527.png,defect,4.81,4.54,0.27
exp2_num_249619.jpg,defect,8.85,25.43,34.28
exp2_num_249619.png,defect,12.58,10.73,1.86
exp2_num_265639.jpg,defect,10.43,24.21,34.64
exp2_num_265639.png,defect,5.32,5.01,0.31
exp2_num_3211.jpg,defect,12.68,21.0,33.68
exp2_num_3211.png,defect,4.55,4.3,0.25
exp2_num_32153.jpg,defect,4.94,29.46,34.4
exp2_num_32153.png,defect,7.77,7.07,0.69
exp2_num_339841.jpg,defect,10.28,16.87,27.15
exp2_num_339841.png,defect,3.74,3.58,0.16
exp2_num_342162.jpg,defect,12.04,22.93,34.97
exp2_num_342162.png,defect,4.28,4.05,0.23
exp2_num_85846.jpg,defect,7.64,20.44,28.08
exp2_num_85846.png,defect,5.47,5.15,0.32
exp2_num_86854.jpg,defect,7.73,20.23,27.97
exp2_num_86854.png,defect,5.54,5.21,0.32
exp3_num_116541.jpg,defect,12.35,21.98,34.33
exp3_num_116541.png,defect,5.26,4.95,0.31
exp3_num_249637.jpg,defect,13.4,25.2,38.6
exp3_num_249637.png,defect,13.71,11.53,2.19
exp3_num_265659.jpg,defect,11.28,33.1,44.38
exp3_num_265659.png,defect,6.78,6.26,0.52
exp3_num_32171.jpg,defect,6.16,35.28,41.44
exp3_num_32171.png,defect,8.22,7.45,0.77
exp3_num_3223.jpg,defect,14.47,27.04,41.51
exp3_num_3223.png,defect,4.46,4.2,0.25
exp3_num_339854.jpg,defect,11.64,21.17,32.81
exp3_num_339854.png,defect,2.82,2.72,0.1
exp3_num_342176.jpg,defect,15.67,25.69,41.36
exp3_num_342176.png,defect,4.72,4.45,0.27
exp3_num_85897.jpg,defect,9.57,24.05,33.62
exp3_num_85897.png,defect,4.19,3.97,0.22
exp3_num_86892.jpg,defect,9.62,23.86,33.48
exp3_num_86892.png,defect,2.24,2.13,0.11
exp4_num_116553.jpg,defect,14.19,26.68,40.86
exp4_num_116553.png,defect,4.71,4.45,0.26
exp4_num_249762.jpg,defect,11.23,36.82,48.05
exp4_num_249762.png,defect,12.14,10.41,1.73
exp4_num_265677.jpg,defect,14.99,33.99,48.98
exp4_num_265677.png,defect,6.02,5.61,0.41
exp4_num_32185.jpg,defect,8.1,39.62,47.72
exp4_num_32185.png,defect,7.55,6.88,0.66
exp4_num_3234.jpg,defect,17.14,33.01,50.15
exp4_num_3234.png,defect,4.73,4.45,0.28
exp4_num_339867.jpg,defect,13.56,25.05,38.61
exp4_num_339867.png,defect,3.13,3.0,0.13
exp4_num_342190.jpg,defect,13.26,40.88,54.14
exp4_num_342190.png,defect,6.07,5.65,0.43
exp4_num_85602.jpg,defect,11.89,26.99,38.88
exp4_num_85602.png,defect,4.77,4.49,0.28
exp4_num_85998.jpg,defect,11.98,26.55,38.52
exp4_num_85998.png,defect,5.64,5.29,0.35
exp4_num_88149.jpg,defect,11.68,27.54,39.22
exp4_num_88149.png,defect,5.16,4.83,0.33
exp5_num_116575.jpg,defect,15.4,32.63,48.03
exp5_num_116575.png,defect,4.35,4.13,0.22
exp5_num_249786.jpg,defect,12.75,41.83,54.58
exp5_num_249786.png,defect,12.46,10.64,1.82
exp5_num_265695.jpg,defect,13.69,47.16,60.84
exp5_num_265695.png,defect,5.81,5.43,0.38
exp5_num_32201.jpg,defect,8.67,46.34,55.01
exp5_num_32201.png,defect,7.97,7.26,0.71
exp5_num_3247.jpg,defect,19.95,36.84,56.79
exp5_num_3247.png,defect,5.05,4.75,0.29
exp5_num_339932.jpg,defect,15.54,28.13,43.67
exp5_num_339932.png,defect,2.7,2.62,0.08
exp5_num_342212.jpg,defect,19.75,37.28,57.03
exp5_num_342212.png,defect,4.84,4.58,0.27
exp5_num_85642.jpg,defect,12.44,33.28,45.72
exp5_num_85642.png,defect,5.27,4.95,0.32
exp5_num_86031.jpg,defect,12.38,33.28,45.65
exp5_num_86031.png,defect,3.99,3.79,0.2
exp5_num_88170.jpg,defect,12.31,33.41,45.72
exp5_num_88170.png,defect,3.18,3.02,0.16
exp6_num_116623.jpg,defect,17.29,37.15,54.44
exp6_num_116623.png,defect,4.38,4.16,0.22
exp6_num_249821.jpg,defect,12.15,50.78,62.93
exp6_num_249821.png,defect,14.33,11.99,2.34
exp6_num_265737.jpg,defect,17.74,47.34,65.08
exp6_num_265737.png,defect,5.78,5.42,0.36
exp6_num_32235.jpg,defect,14.68,45.6,60.28
exp6_num_32235.png,defect,7.99,7.29,0.69
exp6_num_3279.jpg,defect,20.72,44.03,64.75
exp6_num_3279.png,defect,4.97,4.68,0.28
exp6_num_339965.jpg,defect,18.14,33.14,51.28
exp6_num_339965.png,defect,2.28,2.21,0.07
exp6_num_342249.jpg,defect,20.42,45.43,65.85
exp6_num_342249.png,defect,4.61,4.35,0.27
exp6_num_85665.jpg,defect,13.86,37.35,51.21
exp6_num_85665.png,defect,5.88,5.49,0.39
exp6_num_86064.jpg,defect,13.81,37.65,51.46
exp6_num_86064.png,defect,5.41,5.09,0.32
exp6_num_88201.jpg,defect,13.69,37.19,50.87
exp6_num_88201.png,defect,5.75,5.4,0.35
exp0_num_797.jpg,defect,8.36,16.23,24.59
exp0_num_797.png,defect,3.06,2.96,0.1
exp1_num_135544.jpg,defect,7.13,18.26,25.39
exp1_num_135544.png,defect,6.16,5.77,0.39
exp1_num_136254.jpg,defect,4.64,14.7,19.34
exp1_num_136254.png,defect,37.6,20.38,17.21
exp1_num_20362.jpg,defect,8.27,14.52,22.79
exp1_num_20362.png,defect,47.36,12.95,34.4
exp1_num_258511.jpg,defect,6.01,17.26,23.26
exp1_num_258511.png,defect,47.05,13.34,33.71
exp1_num_331149.jpg,defect,8.9,18.6,27.5
exp1_num_331149.png,defect,6.16,5.77,0.39
exp1_num_77531.jpg,defect,8.49,21.12,29.62
exp1_num_77531.png,defect,23.37,17.41,5.96
exp2_num_135572.jpg,defect,8.97,23.02,31.99
exp2_num_135572.png,defect,8.59,7.83,0.76
exp2_num_136286.jpg,defect,5.95,18.27,24.22
exp2_num_136286.png,defect,36.44,20.54,15.89
exp2_num_20390.jpg,defect,10.33,18.22,28.55
exp2_num_20390.png,defect,46.34,14.83,31.51
exp2_num_258536.jpg,defect,7.84,20.65,28.49
exp2_num_258536.png,defect,47.35,12.71,34.63
exp2_num_77559.jpg,defect,11.23,26.44,37.67
exp2_num_77559.png,defect,27.09,19.0,8.09
exp3_num_135593.jpg,defect,11.12,26.96,38.08
exp3_num_135593.png,defect,9.58,8.63,0.95
exp3_num_136351.jpg,defect,7.28,21.67,28.95
exp3_num_136351.png,defect,35.42,20.58,14.84
exp3_num_20409.jpg,defect,13.1,20.47,33.57
exp3_num_20409.png,defect,46.46,14.64,31.82
exp3_num_258558.jpg,defect,10.53,22.62,33.14
exp3_num_258558.png,defect,46.07,14.89,31.18
exp4_num_135615.jpg,defect,13.19,32.09,45.28
exp4_num_135615.png,defect,8.37,7.64,0.73
exp4_num_136676.jpg,defect,8.5,25.87,34.38
exp4_num_136676.png,defect,35.51,20.59,14.92
exp4_num_20426.jpg,defect,15.07,24.75,39.82
exp4_num_20426.png,defect,46.69,14.25,32.43
exp4_num_258590.jpg,defect,12.07,27.4,39.47
exp4_num_258590.png,defect,45.44,15.76,29.67
exp4_num_77613.jpg,defect,16.28,36.68,52.97
exp4_num_77613.png,defect,28.08,19.33,8.75
exp5_num_135651.jpg,defect,14.49,37.21,51.7
exp5_num_135651.png,defect,8.2,7.5,0.7
exp5_num_136716.jpg,defect,9.84,29.74,39.57
exp5_num_136716.png,defect,36.62,20.53,16.09
exp5_num_20449.jpg,defect,16.45,29.24,45.68
exp5_num_20449.png,defect,47.94,11.65,36.3
exp5_num_258619.jpg,defect,12.99,33.69,46.67
exp5_num_258619.png,defect,46.76,13.84,32.92
exp5_num_77692.jpg,defect,18.28,42.14,60.42
exp5_num_77692.png,defect,27.12,18.98,8.14
exp6_num_135686.jpg,defect,16.74,41.25,57.99
exp6_num_135686.png,defect,8.13,7.45,0.68
exp6_num_136770.jpg,defect,10.44,33.53,43.98
exp6_num_136770.png,defect,38.09,20.32,17.77
exp6_num_20496.jpg,defect,19.03,32.15,51.19
exp6_num_20496.png,defect,49.44,5.56,43.88
exp6_num_258703.jpg,defect,14.94,37.56,52.5
exp6_num_258703.png,defect,47.25,12.79,34.46
exp6_num_77744.jpg,defect,19.6,47.91,67.51
exp6_num_77744.png,defect,28.1,19.32,8.78
exp6_num_972.jpg,defect,19.99,37.16,57.15
exp6_num_972.png,defect,4.99,4.73,0.26
